<?xml version="1.0" encoding="UTF-8"?>
<beans xmlns="http://www.springframework.org/schema/beans"
	xmlns:xsi="http://www.w3.org/2001/XMLSchema-instance"
	xsi:schemaLocation="http://www.springframework.org/schema/beans        http://www.springframework.org/schema/beans/spring-beans-2.5.xsd">
	<bean id="queries" class="java.util.HashMap">
		<constructor-arg>
			<map>
				<entry key="ADD_PROJECT"
					value="INSERT INTO project_master(project_name, project_description, 
					project_start_date, project_end_date, project_duration, created_dttm, 
            	    updated_user_id, updated_dttm, status, created_user_id) VALUES(?,?,?,?,?,?,?,?,?,?)" />

				<entry key="GET_PROJECT_BY_ID" 
					value="SELECT * FROM project_master pm LEFT JOIN employeemaster em ON 
						pm.project_id = em.project_id WHERE pm.project_id = ?" />

				<entry key="GET_ALL_PROJECT" 
					value="SELECT * FROM project_master" />

				<entry key="GET_ALL_ACTIVE_PROJECT" 
					value="SELECT * FROM project_master WHERE status = 1" />

				<entry key="DELETE_PROJECT_BY_ID" 
					value="DELETE FROM project_master WHERE project_id = ?" />

				<entry key="UPDATE_PROJECT"
					value="UPDATE PROJECT_MASTER SET project_name = ?, project_description = ?, project_start_date = ?, 
            			   project_end_date = ?, project_duration = ?, created_user_id = ?, created_dttm = ?, 
            			   updated_user_id = ?, updated_dttm = ? WHERE PROJECT_ID = ?" />

				<entry key="DEACTIVATE_PROJECT"
					value="UPDATE project_master SET status = 0 WHERE project_id = ?" />

				<entry key="ACTIVATE_PROJECT"
					value="UPDATE project_master SET status = 1 WHERE project_id = ?" />

				<entry key="GET_PROJECT_STATUS"
					value="SELECT status FROM project_status WHERE project_id = ?" />

				<entry key="SETTING_PROJECT_STATUS" 
					value="INSERT INTO project_status(project_id) VALUES(?)" />

				<entry key="GET_PROJECT_BY_NAME"
					value="SELECT * FROM project_master WHERE project_name = ? AND created_user_id = (SELECT id FROM customer_master WHERE name = ?)" />

				<entry key="GET_PROJECT_VIA_CUSTOMER"
					value="SELECT * FROM project_master WHERE project_name=? AND created_user_id=?" />
				
				
				<!--CUSTOMER_MASTER*/ -->

				<entry key="GET_ALL_CUSTOMERS" 
					value="SELECT * FROM project_master pm RIGHT JOIN customer_master cm
         			ON pm.created_user_id = cm.customer_id"/>
				
				<entry key="ADD_CUSTOMER"
					value="INSERT INTO customer_master(customer_name, created_user_id, created_dttm, updated_user_id, 
					updated_dttm, customer_status) VALUES (?,?,?,?,?,?)" />

			    <entry key="GET_CUSTOMER" value="SELECT * FROM project_master pm RIGHT JOIN customer_master cm
         			ON pm.created_user_id = cm.customer_id WHERE cm.customer_id = ?" /> 

				<entry key="GET_CUSTOMER_BY_NAME" 
					value="SELECT * FROM customer_master WHERE customer_name=?" />

				<entry key="GET_CUSTOMER_BY_ID"
					value="SELECT * FROM customer_master WHERE customer_id = ?" />
					
				<entry key="ACTIVATE_CUSTOMER"
					value="UPDATE customer_master SET customer_status = TRUE WHERE customer_id=?"/>
					
				<entry key="DEACTIVATE_CUSTOMER"
					value="UPDATE customer_master SET customer_status = FALSE WHERE customer_id=?"/>
				
				<entry key="GET_ACTIVE_CUSTOMER"
					value="SELECT * FROM customer_master WHERE customer_status = true"/>
				
				<entry key="UPDATE_CUSTOMER"
					value="UPDATE customer_master SET customer_name=?, created_user_id=?, created_dttm=?, 
					updated_user_id=?, updated_dttm=?, customer_status=? WHERE customer_id=?" />
					
				<entry key="DELETE_CUSTOMER_BY_ID" 
					value="DELETE FROM customer_master WHERE customer_id=?"/>


				<!-- EMPLOYEE -->

				<entry key="ADD_EMPLOYEE"
					value="INSERT INTO employeemaster(employee_name,created_user_id,created_dttm,updated_user_id,updated_dttm,project_id) VALUES(?,?,?,?,?,?)" />

				<entry key="UPDATE_EMPLOYEE"
					value="UPDATE employeemaster SET employee_name=?,created_user_id=?,created_dttm=?,updated_user_id=?,updated_dttm=?,status=? ,project_id=? WHERE employee_id=?" />

				<entry key="GET_ALL_EMPLOYEES" 
					value="SELECT * FROM employeemaster" />

				<entry key="GET_EMPLOYEE" 
					value="SELECT * FROM employeemaster WHERE employee_id=?" />

				<entry key="DELETE_EMPLOYEE" 
					value="DELETE FROM employeemaster WHERE employee_id =?" />

				<entry key="ACTIVE_EMPLOYEE" 
					value="SELECT * FROM employeemaster WHERE status=1" />

				<entry key="JoinData"
					value="Select * from cost_master c inner join project_master p on c.project_id=p.project_Id where c.project_id=?" />
					
			    <entry key="GET_EMPLOYEE_BY_NAME_AND_PROJECT_ID" 
			    	value="SELECT * FROM employeemaster WHERE employee_name=? AND project_id=?"/>
			    	
			    <entry key="ACTIVATE_EMPLOYEE"
			    	value="UPDATE employeemaster SET status = true WHERE employee_id = ?" />
			    	
			    <entry key="DEACTIVATE_EMPLOYEE"
			    	value="UPDATE employeemaster SET status = false WHERE employee_id = ?" />
			    	
					<!-- COST MASTER -->
			    	
			    <entry key="ADD_COST" 
			    	value="INSERT INTO cost_master (project_id,location_id,created_user_id,created_dttm,
			    		updated_user_id,updated_dttm,status) VALUES(?,?,?,?,?,?,?)"/>
			    		
			    <entry key="GET_COST_BY_PROJECT"
			    	value="SELECT * FROM cost_master WHERE project_id=?"/>
			    	
			    <entry key="GET_COST_BY_ID"
			    	value="SELECT * FROM cost_master cm LEFT JOIN project_master pm ON cm.project_id = pm.project_id
						WHERE cost_master_id=?"/>
			    	
			    <entry key="GET_ALL_COST"
			    	value="SELECT * FROM cost_master cm LEFT JOIN project_master pm ON cm.project_id = pm.project_id"/>
			    	
			    <entry key="UPDATE_COST"
			    	value="UPDATE cost_master SET project_id=?,location_id=?,created_user_id=?,created_dttm=?,
			    		updated_user_id=?,updated_dttm=?,status=? WHERE cost_master_id=?"/>
			    		
              <entry key="GET_ALL_ACTIVE_COST" 
              		value="SELECT * FROM cost_master where status=1"/>       
             
             <entry key="DELETE_COST"
             	 	value="DELETE FROM cost_master WHERE cost_master_id = ?"/>
             	 	
             <entry key="ACTIVATE_COST"
             		value="UPDATE cost_master SET status = TRUE WHERE cost_master_id=?"/>
             		
             <entry key="DEACTIVATE_COST"
             		value="UPDATE cost_master SET status = FALSE WHERE cost_master_id=?"/>
			</map>
		</constructor-arg>
	</bean>
</beans>